<?xml version="1.0" encoding="UTF-8"?>
<metadata xml:lang="en"><Esri><CreaDate>20120223</CreaDate><CreaTime>17192000</CreaTime><ArcGISFormat>1.0</ArcGISFormat><SyncOnce>FALSE</SyncOnce><DataProperties><itemProps><itemName Sync="TRUE">DDOT_Bus_Stops</itemName><imsContentType Sync="TRUE">002</imsContentType><itemSize Sync="TRUE">0.000</itemSize><itemLocation><linkage Sync="TRUE">file://\\nas.d3.local\gis\1_PROJECTS\KEVIN_FILES\DDOT\SHP\DDOT_Bus_Stops.shp</linkage><protocol Sync="TRUE">Local Area Network</protocol></itemLocation></itemProps><coordRef><type Sync="TRUE">Geographic</type><geogcsn Sync="TRUE">GCS_North_American_1983_HARN</geogcsn><peXml Sync="TRUE">&lt;GeographicCoordinateSystem xsi:type='typens:GeographicCoordinateSystem' xmlns:xsi='http://www.w3.org/2001/XMLSchema-instance' xmlns:xs='http://www.w3.org/2001/XMLSchema' xmlns:typens='http://www.esri.com/schemas/ArcGIS/10.0'&gt;&lt;WKT&gt;GEOGCS[&amp;quot;GCS_North_American_1983_HARN&amp;quot;,DATUM[&amp;quot;D_North_American_1983_HARN&amp;quot;,SPHEROID[&amp;quot;GRS_1980&amp;quot;,6378137.0,298.257222101]],PRIMEM[&amp;quot;Greenwich&amp;quot;,0.0],UNIT[&amp;quot;Degree&amp;quot;,0.0174532925199433],AUTHORITY[&amp;quot;EPSG&amp;quot;,4152]]&lt;/WKT&gt;&lt;XOrigin&gt;-399.99999999999989&lt;/XOrigin&gt;&lt;YOrigin&gt;-399.99999999999989&lt;/YOrigin&gt;&lt;XYScale&gt;11258999068426.24&lt;/XYScale&gt;&lt;ZOrigin&gt;-100000&lt;/ZOrigin&gt;&lt;ZScale&gt;10000&lt;/ZScale&gt;&lt;MOrigin&gt;-100000&lt;/MOrigin&gt;&lt;MScale&gt;10000&lt;/MScale&gt;&lt;XYTolerance&gt;8.9831528411952117e-009&lt;/XYTolerance&gt;&lt;ZTolerance&gt;0.001&lt;/ZTolerance&gt;&lt;MTolerance&gt;0.001&lt;/MTolerance&gt;&lt;HighPrecision&gt;true&lt;/HighPrecision&gt;&lt;LeftLongitude&gt;-180&lt;/LeftLongitude&gt;&lt;WKID&gt;4152&lt;/WKID&gt;&lt;/GeographicCoordinateSystem&gt;</peXml></coordRef><lineage><Process ToolSource="C:\Program Files (x86)\ArcGIS\Desktop10.0\ArcToolbox\Toolboxes\Conversion Tools.tbx\FeatureClassToFeatureClass" Date="20120223" Time="171935">FeatureClassToFeatureClass X:\1_PROJECTS\KEVIN_FILES\DDOT\DDOT.mdb\Bus_Stops X:\1_PROJECTS\KEVIN_FILES\DDOT\SHP DDOT_Bus_Stops.shp # "OBJECTID_1 "OBJECTID_1" true true false 8 Double 0 0 ,First,#,X:\1_PROJECTS\KEVIN_FILES\DDOT\DDOT.mdb\Bus_Stops,OBJECTID_1,-1,-1;ID1 "ID1" true true false 8 Double 0 0 ,First,#,X:\1_PROJECTS\KEVIN_FILES\DDOT\DDOT.mdb\Bus_Stops,ID1,-1,-1;ID "ID" true true false 8 Double 0 0 ,First,#,X:\1_PROJECTS\KEVIN_FILES\DDOT\DDOT.mdb\Bus_Stops,ID,-1,-1;LONGITUDE "LONGITUDE" true true false 8 Double 0 0 ,First,#,X:\1_PROJECTS\KEVIN_FILES\DDOT\DDOT.mdb\Bus_Stops,LONGITUDE,-1,-1;LATITUDE "LATITUDE" true true false 8 Double 0 0 ,First,#,X:\1_PROJECTS\KEVIN_FILES\DDOT\DDOT.mdb\Bus_Stops,LATITUDE,-1,-1;Long_D3 "Long_D3" true true false 8 Double 0 0 ,First,#,X:\1_PROJECTS\KEVIN_FILES\DDOT\DDOT.mdb\Bus_Stops,Long_D3,-1,-1;Lat_D3 "Lat_D3" true true false 8 Double 0 0 ,First,#,X:\1_PROJECTS\KEVIN_FILES\DDOT\DDOT.mdb\Bus_Stops,Lat_D3,-1,-1;LONG_ "LONG_" true true false 8 Double 0 0 ,First,#,X:\1_PROJECTS\KEVIN_FILES\DDOT\DDOT.mdb\Bus_Stops,LONG_,-1,-1;LAT "LAT" true true false 8 Double 0 0 ,First,#,X:\1_PROJECTS\KEVIN_FILES\DDOT\DDOT.mdb\Bus_Stops,LAT,-1,-1;Long_Text "Long_Text" true true false 255 Text 0 0 ,First,#,X:\1_PROJECTS\KEVIN_FILES\DDOT\DDOT.mdb\Bus_Stops,Long_Text,-1,-1;Lat_Text "Lat_Text" true true false 255 Text 0 0 ,First,#,X:\1_PROJECTS\KEVIN_FILES\DDOT\DDOT.mdb\Bus_Stops,Lat_Text,-1,-1;F_PATTERN "F_PATTERN" true true false 255 Text 0 0 ,First,#,X:\1_PROJECTS\KEVIN_FILES\DDOT\DDOT.mdb\Bus_Stops,F_PATTERN,-1,-1;F_SEQUENCE "F_SEQUENCE" true true false 8 Double 0 0 ,First,#,X:\1_PROJECTS\KEVIN_FILES\DDOT\DDOT.mdb\Bus_Stops,F_SEQUENCE,-1,-1;F_STOPABBR "F_STOPABBR" true true false 255 Text 0 0 ,First,#,X:\1_PROJECTS\KEVIN_FILES\DDOT\DDOT.mdb\Bus_Stops,F_STOPABBR,-1,-1;F_STOPID "F_STOPID" true true false 8 Double 0 0 ,First,#,X:\1_PROJECTS\KEVIN_FILES\DDOT\DDOT.mdb\Bus_Stops,F_STOPID,-1,-1;F_STOPTYPE "F_STOPTYPE" true true false 255 Text 0 0 ,First,#,X:\1_PROJECTS\KEVIN_FILES\DDOT\DDOT.mdb\Bus_Stops,F_STOPTYPE,-1,-1;F_STOPNAME "F_STOPNAME" true true false 255 Text 0 0 ,First,#,X:\1_PROJECTS\KEVIN_FILES\DDOT\DDOT.mdb\Bus_Stops,F_STOPNAME,-1,-1;F_ONSTREET "F_ONSTREET" true true false 255 Text 0 0 ,First,#,X:\1_PROJECTS\KEVIN_FILES\DDOT\DDOT.mdb\Bus_Stops,F_ONSTREET,-1,-1;F_ATSTREET "F_ATSTREET" true true false 255 Text 0 0 ,First,#,X:\1_PROJECTS\KEVIN_FILES\DDOT\DDOT.mdb\Bus_Stops,F_ATSTREET,-1,-1;DIRECTION "DIRECTION" true true false 255 Text 0 0 ,First,#,X:\1_PROJECTS\KEVIN_FILES\DDOT\DDOT.mdb\Bus_Stops,DIRECTION,-1,-1;F_LINEABBR "F_LINEABBR" true true false 255 Text 0 0 ,First,#,X:\1_PROJECTS\KEVIN_FILES\DDOT\DDOT.mdb\Bus_Stops,F_LINEABBR,-1,-1;F_LINENAME "F_LINENAME" true true false 255 Text 0 0 ,First,#,X:\1_PROJECTS\KEVIN_FILES\DDOT\DDOT.mdb\Bus_Stops,F_LINENAME,-1,-1;Long_DD "Long_DD" true true false 8 Double 0 0 ,First,#,X:\1_PROJECTS\KEVIN_FILES\DDOT\DDOT.mdb\Bus_Stops,Long_DD,-1,-1;Lat_DD "Lat_DD" true true false 8 Double 0 0 ,First,#,X:\1_PROJECTS\KEVIN_FILES\DDOT\DDOT.mdb\Bus_Stops,Lat_DD,-1,-1;Long_Test "Long_Test" true true false 255 Text 0 0 ,First,#,X:\1_PROJECTS\KEVIN_FILES\DDOT\DDOT.mdb\Bus_Stops,Long_Test,-1,-1;Lat_Test "Lat_Test" true true false 255 Text 0 0 ,First,#,X:\1_PROJECTS\KEVIN_FILES\DDOT\DDOT.mdb\Bus_Stops,Lat_Test,-1,-1;Shape "Shape" true true false 255 Text 0 0 ,First,#,X:\1_PROJECTS\KEVIN_FILES\DDOT\DDOT.mdb\Bus_Stops,Shape,-1,-1" #</Process></lineage></DataProperties><SyncDate>20120223</SyncDate><SyncTime>17192000</SyncTime><ModDate>20120223</ModDate><ModTime>17192000</ModTime></Esri><dataIdInfo><envirDesc Sync="TRUE">Microsoft Windows Server 2008 Version 6.0 (Build 6002) Service Pack 2; ESRI ArcGIS 10.0.0.2414</envirDesc><dataLang><languageCode value="eng" country="USA"></languageCode></dataLang><idCitation><resTitle Sync="TRUE">DDOT_Bus_Stops</resTitle><presForm><PresFormCd value="005"></PresFormCd></presForm></idCitation><descKeys><thesaName uuidref="723f6998-058e-11dc-8314-0800200c9a66"></thesaName><keyword Sync="TRUE">002</keyword></descKeys><spatRpType><SpatRepTypCd value="001"></SpatRepTypCd></spatRpType></dataIdInfo><mdLang><languageCode value="eng"></languageCode></mdLang><mdChar><CharSetCd value="004"></CharSetCd></mdChar><distInfo><distFormat><formatName Sync="TRUE">Shapefile</formatName></distFormat><distTranOps><transSize Sync="TRUE">0.000</transSize></distTranOps></distInfo><mdHrLv><ScopeCd value="005"></ScopeCd></mdHrLv><mdHrLvName Sync="TRUE">dataset</mdHrLvName><refSysInfo><RefSystem><refSysID><identCode code="4152"></identCode><idCodeSpace Sync="TRUE">EPSG</idCodeSpace><idVersion Sync="TRUE">7.4.1</idVersion></refSysID></RefSystem></refSysInfo><spdoinfo><ptvctinf><esriterm Name="DDOT_Bus_Stops"><efeatyp Sync="TRUE">Simple</efeatyp><efeageom Sync="TRUE">1</efeageom><esritopo Sync="TRUE">FALSE</esritopo><efeacnt Sync="TRUE">0</efeacnt><spindex Sync="TRUE">FALSE</spindex><linrefer Sync="TRUE">FALSE</linrefer></esriterm></ptvctinf></spdoinfo><spatRepInfo><VectSpatRep><topLvl><TopoLevCd value="001"></TopoLevCd></topLvl><geometObjs><geoObjTyp><GeoObjTypCd value="004"></GeoObjTypCd><geoObjCnt Sync="TRUE">0</geoObjCnt></geoObjTyp></geometObjs></VectSpatRep></spatRepInfo><eainfo><detailed Name="DDOT_Bus_Stops"><enttyp><enttypl Sync="TRUE">DDOT_Bus_Stops</enttypl><enttypt Sync="TRUE">Feature Class</enttypt><enttypc Sync="TRUE">0</enttypc></enttyp><attr><attrlabl Sync="TRUE">FID</attrlabl><attalias Sync="TRUE">FID</attalias><attrtype Sync="TRUE">OID</attrtype><attwidth Sync="TRUE">4</attwidth><atprecis Sync="TRUE">0</atprecis><attscale Sync="TRUE">0</attscale><attrdef Sync="TRUE">Internal feature number.</attrdef><attrdefs Sync="TRUE">ESRI</attrdefs><attrdomv><udom Sync="TRUE">Sequential unique whole numbers that are automatically generated.</udom></attrdomv></attr><attr><attrlabl Sync="TRUE">Shape</attrlabl><attalias Sync="TRUE">Shape</attalias><attrtype Sync="TRUE">Geometry</attrtype><attwidth Sync="TRUE">0</attwidth><atprecis Sync="TRUE">0</atprecis><attscale Sync="TRUE">0</attscale><attrdef Sync="TRUE">Feature geometry.</attrdef><attrdefs Sync="TRUE">ESRI</attrdefs><attrdomv><udom Sync="TRUE">Coordinates defining the features.</udom></attrdomv></attr><attr><attrlabl Sync="TRUE">OBJECTID_1</attrlabl><attalias Sync="TRUE">OBJECTID_1</attalias><attrtype Sync="TRUE">Double</attrtype><attwidth Sync="TRUE">19</attwidth><atprecis Sync="TRUE">0</atprecis><attscale Sync="TRUE">0</attscale></attr><attr><attrlabl Sync="TRUE">ID1</attrlabl><attalias Sync="TRUE">ID1</attalias><attrtype Sync="TRUE">Double</attrtype><attwidth Sync="TRUE">19</attwidth><atprecis Sync="TRUE">0</atprecis><attscale Sync="TRUE">0</attscale></attr><attr><attrlabl Sync="TRUE">ID</attrlabl><attalias Sync="TRUE">ID</attalias><attrtype Sync="TRUE">Double</attrtype><attwidth Sync="TRUE">19</attwidth><atprecis Sync="TRUE">0</atprecis><attscale Sync="TRUE">0</attscale></attr><attr><attrlabl Sync="TRUE">LONGITUDE</attrlabl><attalias Sync="TRUE">LONGITUDE</attalias><attrtype Sync="TRUE">Double</attrtype><attwidth Sync="TRUE">19</attwidth><atprecis Sync="TRUE">0</atprecis><attscale Sync="TRUE">0</attscale></attr><attr><attrlabl Sync="TRUE">LATITUDE</attrlabl><attalias Sync="TRUE">LATITUDE</attalias><attrtype Sync="TRUE">Double</attrtype><attwidth Sync="TRUE">19</attwidth><atprecis Sync="TRUE">0</atprecis><attscale Sync="TRUE">0</attscale></attr><attr><attrlabl Sync="TRUE">Long_D3</attrlabl><attalias Sync="TRUE">Long_D3</attalias><attrtype Sync="TRUE">Double</attrtype><attwidth Sync="TRUE">19</attwidth><atprecis Sync="TRUE">0</atprecis><attscale Sync="TRUE">0</attscale></attr><attr><attrlabl Sync="TRUE">Lat_D3</attrlabl><attalias Sync="TRUE">Lat_D3</attalias><attrtype Sync="TRUE">Double</attrtype><attwidth Sync="TRUE">19</attwidth><atprecis Sync="TRUE">0</atprecis><attscale Sync="TRUE">0</attscale></attr><attr><attrlabl Sync="TRUE">LONG_</attrlabl><attalias Sync="TRUE">LONG_</attalias><attrtype Sync="TRUE">Double</attrtype><attwidth Sync="TRUE">19</attwidth><atprecis Sync="TRUE">0</atprecis><attscale Sync="TRUE">0</attscale></attr><attr><attrlabl Sync="TRUE">LAT</attrlabl><attalias Sync="TRUE">LAT</attalias><attrtype Sync="TRUE">Double</attrtype><attwidth Sync="TRUE">19</attwidth><atprecis Sync="TRUE">0</atprecis><attscale Sync="TRUE">0</attscale></attr><attr><attrlabl Sync="TRUE">Long_Text</attrlabl><attalias Sync="TRUE">Long_Text</attalias><attrtype Sync="TRUE">String</attrtype><attwidth Sync="TRUE">254</attwidth><atprecis Sync="TRUE">0</atprecis><attscale Sync="TRUE">0</attscale></attr><attr><attrlabl Sync="TRUE">Lat_Text</attrlabl><attalias Sync="TRUE">Lat_Text</attalias><attrtype Sync="TRUE">String</attrtype><attwidth Sync="TRUE">254</attwidth><atprecis Sync="TRUE">0</atprecis><attscale Sync="TRUE">0</attscale></attr><attr><attrlabl Sync="TRUE">F_PATTERN</attrlabl><attalias Sync="TRUE">F_PATTERN</attalias><attrtype Sync="TRUE">String</attrtype><attwidth Sync="TRUE">254</attwidth><atprecis Sync="TRUE">0</atprecis><attscale Sync="TRUE">0</attscale></attr><attr><attrlabl Sync="TRUE">F_SEQUENCE</attrlabl><attalias Sync="TRUE">F_SEQUENCE</attalias><attrtype Sync="TRUE">Double</attrtype><attwidth Sync="TRUE">19</attwidth><atprecis Sync="TRUE">0</atprecis><attscale Sync="TRUE">0</attscale></attr><attr><attrlabl Sync="TRUE">F_STOPABBR</attrlabl><attalias Sync="TRUE">F_STOPABBR</attalias><attrtype Sync="TRUE">String</attrtype><attwidth Sync="TRUE">254</attwidth><atprecis Sync="TRUE">0</atprecis><attscale Sync="TRUE">0</attscale></attr><attr><attrlabl Sync="TRUE">F_STOPID</attrlabl><attalias Sync="TRUE">F_STOPID</attalias><attrtype Sync="TRUE">Double</attrtype><attwidth Sync="TRUE">19</attwidth><atprecis Sync="TRUE">0</atprecis><attscale Sync="TRUE">0</attscale></attr><attr><attrlabl Sync="TRUE">F_STOPTYPE</attrlabl><attalias Sync="TRUE">F_STOPTYPE</attalias><attrtype Sync="TRUE">String</attrtype><attwidth Sync="TRUE">254</attwidth><atprecis Sync="TRUE">0</atprecis><attscale Sync="TRUE">0</attscale></attr><attr><attrlabl Sync="TRUE">F_STOPNAME</attrlabl><attalias Sync="TRUE">F_STOPNAME</attalias><attrtype Sync="TRUE">String</attrtype><attwidth Sync="TRUE">254</attwidth><atprecis Sync="TRUE">0</atprecis><attscale Sync="TRUE">0</attscale></attr><attr><attrlabl Sync="TRUE">F_ONSTREET</attrlabl><attalias Sync="TRUE">F_ONSTREET</attalias><attrtype Sync="TRUE">String</attrtype><attwidth Sync="TRUE">254</attwidth><atprecis Sync="TRUE">0</atprecis><attscale Sync="TRUE">0</attscale></attr><attr><attrlabl Sync="TRUE">F_ATSTREET</attrlabl><attalias Sync="TRUE">F_ATSTREET</attalias><attrtype Sync="TRUE">String</attrtype><attwidth Sync="TRUE">254</attwidth><atprecis Sync="TRUE">0</atprecis><attscale Sync="TRUE">0</attscale></attr><attr><attrlabl Sync="TRUE">DIRECTION</attrlabl><attalias Sync="TRUE">DIRECTION</attalias><attrtype Sync="TRUE">String</attrtype><attwidth Sync="TRUE">254</attwidth><atprecis Sync="TRUE">0</atprecis><attscale Sync="TRUE">0</attscale></attr><attr><attrlabl Sync="TRUE">F_LINEABBR</attrlabl><attalias Sync="TRUE">F_LINEABBR</attalias><attrtype Sync="TRUE">String</attrtype><attwidth Sync="TRUE">254</attwidth><atprecis Sync="TRUE">0</atprecis><attscale Sync="TRUE">0</attscale></attr><attr><attrlabl Sync="TRUE">F_LINENAME</attrlabl><attalias Sync="TRUE">F_LINENAME</attalias><attrtype Sync="TRUE">String</attrtype><attwidth Sync="TRUE">254</attwidth><atprecis Sync="TRUE">0</atprecis><attscale Sync="TRUE">0</attscale></attr><attr><attrlabl Sync="TRUE">Long_DD</attrlabl><attalias Sync="TRUE">Long_DD</attalias><attrtype Sync="TRUE">Double</attrtype><attwidth Sync="TRUE">19</attwidth><atprecis Sync="TRUE">0</atprecis><attscale Sync="TRUE">0</attscale></attr><attr><attrlabl Sync="TRUE">Lat_DD</attrlabl><attalias Sync="TRUE">Lat_DD</attalias><attrtype Sync="TRUE">Double</attrtype><attwidth Sync="TRUE">19</attwidth><atprecis Sync="TRUE">0</atprecis><attscale Sync="TRUE">0</attscale></attr><attr><attrlabl Sync="TRUE">Long_Test</attrlabl><attalias Sync="TRUE">Long_Test</attalias><attrtype Sync="TRUE">String</attrtype><attwidth Sync="TRUE">254</attwidth><atprecis Sync="TRUE">0</atprecis><attscale Sync="TRUE">0</attscale></attr><attr><attrlabl Sync="TRUE">Lat_Test</attrlabl><attalias Sync="TRUE">Lat_Test</attalias><attrtype Sync="TRUE">String</attrtype><attwidth Sync="TRUE">254</attwidth><atprecis Sync="TRUE">0</atprecis><attscale Sync="TRUE">0</attscale></attr><attr><attrlabl Sync="TRUE">Shape_1</attrlabl><attalias Sync="TRUE">Shape_1</attalias><attrtype Sync="TRUE">String</attrtype><attwidth Sync="TRUE">254</attwidth><atprecis Sync="TRUE">0</atprecis><attscale Sync="TRUE">0</attscale></attr></detailed></eainfo><mdDateSt Sync="TRUE">20120223</mdDateSt></metadata>
